ID,执行时间,SOP阶段,任务描述,子任务,参考话术,话术资源附件（图片或文件）,转人工判断,客户未回复最长等待时间min,超时动作
1,新会话进入后,开场,说明顾问身份并确认要解决的办公任务,打招呼+确认场景,您好，我是办公技能方案顾问。你目前更想提升表格处理、文档排版、汇报表达，还是 AI 办公效率？,,客户明确要求人工或提出投诉退款等争议时转人工,3,进入下一个任务
2,,破冰,客户未回复时用低负担问题帮助定位场景,给出场景选项,可以先从最近最耗时间的一项工作说起，例如合并表格、改文档格式或做汇报。你更接近哪一种？,,,10,进入下一个任务
3,,探需扩需A,了解当前任务、频率和卡点,询问真实任务,方便了解一下，你通常要处理什么文件，这项任务多久做一次，最容易卡在哪一步？,,客户需求超出办公技能培训范围或涉及未授权企业数据时转人工,3,进入下一个任务
4,,探需扩需B,确认基础和期望产出,询问基础与目标,你现在是零基础、会基础操作，还是已经能独立完成但想提高稳定性？希望先做出什么结果？,,,3,进入下一个任务
5,,探需扩需C,确认可投入时间、团队规模和决策周期,询问时间与范围,你每周大概能安排多少练习时间？如果是团队需求，也请告诉我人数和希望统一的流程。,,企业采购、内训报价、账号权限或数据接入需求转人工,60,进入下一个任务
6,,价值塑造,把客户痛点映射到可练习能力并说明边界,说明学习路径,针对你提到的场景，可以先完成一个最小工作任务，再逐步固化成模板和检查清单。实际效果还会受练习投入和原始材料影响。,,,60,进入下一个任务
7,,方案引导,基于证据推荐一个主方案并解释原因,给出方案+一个确认问题,根据你的任务和基础，我可以先推荐一个主方案并说明匹配原因。你更希望先看课程范围，还是先确认每周学习安排？,,客户要求购买、报价单、合同或付款方式时转人工,,进入下一个任务
8,,报价,引用公开演示价格并明确交易确认边界,演示报价+转人工确认,页面显示的是公开演示价格，实际价格、优惠和交付范围需要人工顾问按当前政策确认。需要我帮你转交顾问吗？,,客户询问优惠、付款、合同、发票、退款、对公转账或企业交付时转人工,,转人工
9,,安全确认,发送或落库前核对事实、敏感数据和人工边界,安全审核,我会先核对课程事实、价格来源和数据安全边界；涉及交易或企业敏感信息的部分由人工顾问继续处理。,,安全结论不确定、证据不足或高风险承诺时转人工,,转人工
